chamber_name,city,state,membership_status,website,all_links,phone,email,address,image
Albertville Chamber of Commerce,"Albertville, AL",AL,U.S. Chamber Member,"https://maps.google.com/?q=316 Sand Mountain Dr E, Albertville, AL, 35950-2330","https://maps.google.com/?q=316 Sand Mountain Dr E, Albertville, AL, 35950-2330;http://www.albertvillechamberofcommerce.com",,,"316 Sand Mountain Dr E Albertville, AL 35950-2330 Website www.albertvillechamberofcommerce.com",
Arab Chamber of Commerce,"Arab, AL",AL,U.S. Chamber Member,"https://maps.google.com/?q=1157 N Main St, Arab, AL, 35016-1071","https://maps.google.com/?q=1157 N Main St, Arab, AL, 35016-1071;http://arab-chamber.org",,,"1157 N Main St Arab, AL 35016-1071 Website arab-chamber.org",
Athens Limestone County Chamber of Commerce,"Athens, AL",AL,U.S. Chamber Member,"https://maps.google.com/?q=101 S Beaty St, Athens, AL, 35611-2603","https://maps.google.com/?q=101 S Beaty St, Athens, AL, 35611-2603;https://alcchamber.org/",,,"101 S Beaty St Athens, AL 35611-2603 Website alcchamber.org",
Atmore Area Chamber of Commerce,"Atmore, AL",AL,U.S. Chamber Member,"https://maps.google.com/?q=137 N Main St, Atmore, AL, 36502-1711","https://maps.google.com/?q=137 N Main St, Atmore, AL, 36502-1711;http://www.atmorechamber.com",,,"137 N Main St Atmore, AL 36502-1711 Website www.atmorechamber.com",
Auburn Chamber of Commerce,"Auburn, AL",AL,U.S. Chamber Member,"https://maps.google.com/?q=714 E Glenn Ave, Auburn, AL, 36830-5017","https://maps.google.com/?q=714 E Glenn Ave, Auburn, AL, 36830-5017;http://www.auburnchamber.com",,,"714 E Glenn Ave Auburn, AL 36830-5017 Website www.auburnchamber.com",
Bessemer Area Chamber of Commerce,"Bessemer, AL",AL,U.S. Chamber Member,"https://maps.google.com/?q=321 18th St N, Bessemer, AL, 35020-4952","https://maps.google.com/?q=321 18th St N, Bessemer, AL, 35020-4952;http://www.bessemerchamber.com",,,"321 18th St N Bessemer, AL 35020-4952 Website www.bessemerchamber.com",
Birmingham Business Alliance,"Birmingham, AL",AL,U.S. Chamber Member,"https://maps.google.com/?q=505 20th St N, Birmingham, AL, 35203-2605","https://maps.google.com/?q=505 20th St N, Birmingham, AL, 35203-2605;http://www.birminghambusinessalliance.com",,,"505 20th St N Birmingham, AL 35203-2605 Website www.birminghambusinessalliance.com",
Business Council of Alabama,"Montgomery, AL",AL,U.S. Chamber Member,"https://maps.google.com/?q=2 N Jackson St, Montgomery, AL, 36104-3803","https://maps.google.com/?q=2 N Jackson St, Montgomery, AL, 36104-3803;http://www.bcatoday.org",,,"2 N Jackson St Montgomery, AL 36104-3803 Website www.bcatoday.org",
Calhoun County Area Chamber and Visitors Center,"Anniston, AL",AL,U.S. Chamber Member,"https://maps.google.com/?q=1330 Quintard Ave, Anniston, AL, 36201-4620","https://maps.google.com/?q=1330 Quintard Ave, Anniston, AL, 36201-4620;http://www.calhounchamber.com/",,,"1330 Quintard Ave Anniston, AL 36201-4620 Website www.calhounchamber.com",
Central Baldwin Chamber of Commerce,"Robertsdale, AL",AL,U.S. Chamber Member,"https://maps.google.com/?q=23150 Alabama 59, Robertsdale, AL, 36567","https://maps.google.com/?q=23150 Alabama 59, Robertsdale, AL, 36567;http://www.cbchamber.org",,,"23150 Alabama 59 Robertsdale, AL 36567 Website www.cbchamber.org",
Chamber of Commerce Association of Alabama,"Montgomery, AL",AL,U.S. Chamber Member,"https://maps.google.com/?q=2 N Jackson St, Montgomery, AL, 36104-3803","https://maps.google.com/?q=2 N Jackson St, Montgomery, AL, 36104-3803;http://www.alabamachambers.org",,,"2 N Jackson St Montgomery, AL 36104-3803 Website www.alabamachambers.org",
Chamber of Commerce of West Alabama,"Tuscaloosa, AL",AL,U.S. Chamber Member,"https://maps.google.com/?q=2222 9th St, Tuscaloosa, AL, 35401-2318","https://maps.google.com/?q=2222 9th St, Tuscaloosa, AL, 35401-2318;http://westalabamachamber.com",,,"2222 9th St Tuscaloosa, AL 35401-2318 Website westalabamachamber.com",
Chilton County Chamber of Commerce,"Clanton, AL",AL,U.S. Chamber Member,"https://maps.google.com/?q=205 6th St N, Clanton, AL, 35045-3428","https://maps.google.com/?q=205 6th St N, Clanton, AL, 35045-3428;http://www.chiltoncountychamber.com",,,"205 6th St N Clanton, AL 35045-3428 Website www.chiltoncountychamber.com",
Cullman Area Chamber of Commerce,"Cullman, AL",AL,U.S. Chamber Member,"https://maps.google.com/?q=301 2nd Ave SW, Cullman, AL, 35055-3128","https://maps.google.com/?q=301 2nd Ave SW, Cullman, AL, 35055-3128;http://www.cullmanchamber.org",,,"301 2nd Ave SW Cullman, AL 35055-3128 Website www.cullmanchamber.org",
Decatur-Morgan County Chamber of Commerce,"Decatur, AL",AL,U.S. Chamber Member,"https://maps.google.com/?q=515 6th Ave NE, Decatur, AL, 35601-2405","https://maps.google.com/?q=515 6th Ave NE, Decatur, AL, 35601-2405;http://www.dcc.org",,,"515 6th Ave NE Decatur, AL 35601-2405 Website www.dcc.org",
Demopolis Area Chamber of Commerce,"Demopolis, AL",AL,U.S. Chamber Member,"https://maps.google.com/?q=P.O Box 667, Demopolis, AL, 36732-0667","https://maps.google.com/?q=P.O Box 667, Demopolis, AL, 36732-0667;http://www.demopolischamber.com",,,"667 Demopolis, AL 36732-0667 Website www.demopolischamber.com",
Dothan Area Chamber of Commerce,"Dothan, AL",AL,U.S. Chamber Member,"https://maps.google.com/?q=102 Jamestown Blvd, Dothan, AL, 36301-6409","https://maps.google.com/?q=102 Jamestown Blvd, Dothan, AL, 36301-6409;http://www.dothan.com",,,"102 Jamestown Blvd Dothan, AL 36301-6409 Website www.dothan.com",
East Alabama Chamber of Commerce,"Phenix City, AL",AL,U.S. Chamber Member,"https://maps.google.com/?q=1107 Broad St, Phenix City, AL, 36867-5921","https://maps.google.com/?q=1107 Broad St, Phenix City, AL, 36867-5921;https://www.ealcc.com/",,,"1107 Broad St Phenix City, AL 36867-5921 Website www.ealcc.com",
Eastern Shore Chamber of Commerce,"Fairhope, AL",AL,U.S. Chamber Member,"https://maps.google.com/?q=327 Fairhope Ave, Fairhope, AL, 36532-2317","https://maps.google.com/?q=327 Fairhope Ave, Fairhope, AL, 36532-2317;http://www.eschamber.com/",,,"327 Fairhope Ave Fairhope, AL 36532-2317 Website www.eschamber.com",
Elba Chamber of Commerce,"Elba, AL",AL,U.S. Chamber Member,"https://maps.google.com/?q=329 Putman St, Elba, AL, 36323-1719","https://maps.google.com/?q=329 Putman St, Elba, AL, 36323-1719;https://www.elbaalchamber.com/",,,"329 Putman St Elba, AL 36323-1719 Website www.elbaalchamber.com",
Enterprise Chamber of Commerce,"Enterprise, AL",AL,U.S. Chamber Member,"https://maps.google.com/?q=553 Glover Ave, Enterprise, AL, 36330-2069","https://maps.google.com/?q=553 Glover Ave, Enterprise, AL, 36330-2069;http://www.enterprisealabama.com",,,"553 Glover Ave Enterprise, AL 36330-2069 Website www.enterprisealabama.com Accreditation Accredited",
Eufaula-Barbour County Chamber of Commerce,"Eufaula, AL",AL,U.S. Chamber Member,"https://maps.google.com/?q=333 E Broad St, Eufaula, AL, 36027-1609","https://maps.google.com/?q=333 E Broad St, Eufaula, AL, 36027-1609;http://www.eufaula-barbourchamber.com/",,,"333 E Broad St Eufaula, AL 36027-1609 Website www.eufaula-barbourchamber.com",
Greater Pell City Chamber of Commerce,"Pell City, AL",AL,U.S. Chamber Member,"https://maps.google.com/?q=1618 Cogswell Ave, Pell City, AL, 35125-1645","https://maps.google.com/?q=1618 Cogswell Ave, Pell City, AL, 35125-1645;http://www.pellcity.org",,,"1618 Cogswell Ave Pell City, AL 35125-1645 Website www.pellcity.org",
Hartselle Area Chamber of Commerce,"Hartselle, AL",AL,U.S. Chamber Member,"https://maps.google.com/?q=110 Railroad St SW, Hartselle, AL, 35640-2571","https://maps.google.com/?q=110 Railroad St SW, Hartselle, AL, 35640-2571;http://www.hartsellechamber.com",,,"110 Railroad St SW Hartselle, AL 35640-2571 Website www.hartsellechamber.com",
Homewood Chamber of Commerce,"Homewood, AL",AL,U.S. Chamber Member,"https://maps.google.com/?q=7 Hollywood Blvd, Homewood, AL, 35209-2037","https://maps.google.com/?q=7 Hollywood Blvd, Homewood, AL, 35209-2037;http://www.homewoodchamber.org",,,"7 Hollywood Blvd Homewood, AL 35209-2037 Website www.homewoodchamber.org",
Hoover Chamber of Commerce,"Hoover, AL",AL,U.S. Chamber Member,"https://maps.google.com/?q=3000 Riverchase Galleria, Hoover, AL, 35244-2315","https://maps.google.com/?q=3000 Riverchase Galleria, Hoover, AL, 35244-2315;http://www.hooverchamber.org",,,"3000 Riverchase Galleria Hoover, AL 35244-2315 Website www.hooverchamber.org",
Huntsville Madison County Chamber of Commerce,"Huntsville, AL",AL,U.S. Chamber Member,"https://maps.google.com/?q=225 Church St NW, Huntsville, AL, 35801-5542","https://maps.google.com/?q=225 Church St NW, Huntsville, AL, 35801-5542;http://www.hsvchamber.org",,,"225 Church St NW Huntsville, AL 35801-5542 Website www.hsvchamber.org",
Jackson Area Chamber of Commerce,"Jackson, AL",AL,U.S. Chamber Member,"https://maps.google.com/?q=500 Commerce St, Jackson, AL, 36545-3104","https://maps.google.com/?q=500 Commerce St, Jackson, AL, 36545-3104;http://www.jacksonalabama.org",,,"500 Commerce St Jackson, AL 36545-3104 Website www.jacksonalabama.org",
Lake Guntersville Chamber of Commerce,"Guntersville, AL",AL,U.S. Chamber Member,"https://maps.google.com/?q=200 Gunter Ave, Guntersville, AL, 35976-1112","https://maps.google.com/?q=200 Gunter Ave, Guntersville, AL, 35976-1112;http://www.lakeguntersville.org",,,"200 Gunter Ave Guntersville, AL 35976-1112 Website www.lakeguntersville.org",
Madison Chamber of Commerce,"Madison, AL",AL,U.S. Chamber Member,"https://maps.google.com/?q=230 Hughes Road, Suite C, Madison, AL, 35758-1209","https://maps.google.com/?q=230 Hughes Road, Suite C, Madison, AL, 35758-1209;http://www.madisonalchamber.com",,,"230 Hughes Road, Suite C Madison, AL 35758-1209 Website www.madisonalchamber.com",
Millbrook Area Chamber of Commerce,"Millbrook, AL",AL,U.S. Chamber Member,"https://maps.google.com/?q=3390 Main St, Millbrook, AL, 36054-3219","https://maps.google.com/?q=3390 Main St, Millbrook, AL, 36054-3219;http://www.millbrookareachamber.com",,,"3390 Main St Millbrook, AL 36054-3219 Website www.millbrookareachamber.com",
Mobile Chamber,"Mobile, AL",AL,U.S. Chamber Member,"https://maps.google.com/?q=451 Government St, Mobile, AL, 36602-2319","https://maps.google.com/?q=451 Government St, Mobile, AL, 36602-2319;http://www.mobilechamber.com",,,"451 Government St Mobile, AL 36602-2319 Website www.mobilechamber.com Accreditation Accredited",
Monroeville/Monroe County Chamber of Commerce,"Monroeville, AL",AL,U.S. Chamber Member,"https://maps.google.com/?q=86 N Alabama Ave, Monroeville, AL, 36460-1819","https://maps.google.com/?q=86 N Alabama Ave, Monroeville, AL, 36460-1819;http://www.monroecountyal.com/",,,"86 N Alabama Ave Monroeville, AL 36460-1819 Website www.monroecountyal.com",
Montgomery Area Chamber of Commerce,"Montgomery, AL",AL,U.S. Chamber Member,"https://maps.google.com/?q=600 S Court St, Montgomery, AL, 36104-4106","https://maps.google.com/?q=600 S Court St, Montgomery, AL, 36104-4106;http://www.montgomerychamber.com",,,"600 S Court St Montgomery, AL 36104-4106 Website www.montgomerychamber.com",
Mountain Brook Chamber of Commerce,"Mountain Brook, AL",AL,U.S. Chamber Member,"https://maps.google.com/?q=101 Hoyt Ln, Mountain Brook, AL, 35213-3709","https://maps.google.com/?q=101 Hoyt Ln, Mountain Brook, AL, 35213-3709;http://www.mtnbrookchamber.org",,,"101 Hoyt Ln Mountain Brook, AL 35213-3709 Website www.mtnbrookchamber.org",
Mountain Lakes Chamber of Commerce,"Scottsboro, AL",AL,U.S. Chamber Member,"https://maps.google.com/?q=407 E Willow St, Scottsboro, AL, 35768-1964","https://maps.google.com/?q=407 E Willow St, Scottsboro, AL, 35768-1964;http://www.jacksoncountychamber.com/index.html",,,"407 E Willow St Scottsboro, AL 35768-1964 Website www.jacksoncountychamber.com",
North Baldwin County Chamber of Commerce,"Bay Minette, AL",AL,U.S. Chamber Member,"https://maps.google.com/?q=301 McMeans Ave, Bay Minette, AL, 36507-3336","https://maps.google.com/?q=301 McMeans Ave, Bay Minette, AL, 36507-3336;http://www.northbaldwinchamber.com",,,"301 McMeans Ave Bay Minette, AL 36507-3336 Website www.northbaldwinchamber.com",
Opelika Chamber of Commerce,"Opelika, AL",AL,U.S. Chamber Member,"https://maps.google.com/?q=200 South 6th Street, Opelika, AL, 36801","https://maps.google.com/?q=200 South 6th Street, Opelika, AL, 36801;http://www.opelikachamber.com",,,"200 South 6th Street Opelika, AL 36801 Website www.opelikachamber.com Accreditation Accredited",
Opp & Covington County Area Chamber of Commerce,"Opp, AL",AL,U.S. Chamber Member,"https://maps.google.com/?q=104 West Covington Avenue, Opp, AL, 36467-2033","https://maps.google.com/?q=104 West Covington Avenue, Opp, AL, 36467-2033;http://www.oppchamber.com",,,"104 West Covington Avenue Opp, AL 36467-2033 Website www.oppchamber.com",
Prattville Area Chamber of Commerce,"Prattville, AL",AL,U.S. Chamber Member,"https://maps.google.com/?q=131 N Court St, Prattville, AL, 36067-3031","https://maps.google.com/?q=131 N Court St, Prattville, AL, 36067-3031;http://www.prattvillechamber.com",,,"131 N Court St Prattville, AL 36067-3031 Website www.prattvillechamber.com",
Selma-Dallas County Chamber of Commerce,"Selma, AL",AL,U.S. Chamber Member,"https://maps.google.com/?q=912 Selma Ave, Selma, AL, 36701-4641","https://maps.google.com/?q=912 Selma Ave, Selma, AL, 36701-4641;http://www.SelmaAlabama.com",,,"912 Selma Ave Selma, AL 36701-4641 Website www.SelmaAlabama.com",
Shoals Chamber of Commerce,"Florence, AL",AL,U.S. Chamber Member,"https://maps.google.com/?q=20 Hightower Pl, Florence, AL, 35630-4102","https://maps.google.com/?q=20 Hightower Pl, Florence, AL, 35630-4102;http://www.shoalschamber.com",,,"20 Hightower Pl Florence, AL 35630-4102 Website www.shoalschamber.com",
South Baldwin Chamber of Commerce,"Foley, AL",AL,U.S. Chamber Member,"https://maps.google.com/?q=200 N Alston St, Foley, AL, 36535-3524","https://maps.google.com/?q=200 N Alston St, Foley, AL, 36535-3524;http://www.southbaldwinchamber.com",,,"200 N Alston St Foley, AL 36535-3524 Website www.southbaldwinchamber.com",
Sylacauga Chamber of Commerce,"Sylacauga, AL",AL,U.S. Chamber Member,"https://maps.google.com/?q=17 W Fort Williams St, Sylacauga, AL, 35150-2427","https://maps.google.com/?q=17 W Fort Williams St, Sylacauga, AL, 35150-2427;https://www.sylacaugachamber.com/",,,"17 W Fort Williams St Sylacauga, AL 35150-2427 Website www.sylacaugachamber.com",
The Chamber Gadsden & Etowah County,"Gadsden, AL",AL,U.S. Chamber Member,"https://maps.google.com/?q=1 Commerce Sq, Gadsden, AL, 35901-5252","https://maps.google.com/?q=1 Commerce Sq, Gadsden, AL, 35901-5252;http://www.etowahchamber.org/",,,"1 Commerce Sq Gadsden, AL 35901-5252 Website www.etowahchamber.org",
The Chamber of Talladega Lincoln & Munford,"Talladega, AL",AL,U.S. Chamber Member,"https://maps.google.com/?q=210 East St S, Talladega, AL, 35160-2474","https://maps.google.com/?q=210 East St S, Talladega, AL, 35160-2474;http://www.talladegalincolnchamber.com/",,,"210 East St S Talladega, AL 35160-2474 Website www.talladegalincolnchamber.com",
Abbeville Chamber of Commerce,"Abbeville, AL",AL,,"https://maps.google.com/?q=P.O Box 202, Abbeville, AL, 36310-0202","https://maps.google.com/?q=P.O Box 202, Abbeville, AL, 36310-0202",,,"202 Abbeville, AL 36310-0202",
Alexander City Chamber of Commerce,"Alexander City, AL",AL,,"https://maps.google.com/?q=175 Aliant Pkwy, Alexander City, AL, 35010-3449","https://maps.google.com/?q=175 Aliant Pkwy, Alexander City, AL, 35010-3449;https://www.alexcitychamber.com/",,,"175 Aliant Pkwy Alexander City, AL 35010-3449 Website www.alexcitychamber.com",
Aliceville Area Chamber of Commerce,"Aliceville, AL",AL,,"https://maps.google.com/?q=419 Memorial Pkwy NE, Aliceville, AL, 35442-2704","https://maps.google.com/?q=419 Memorial Pkwy NE, Aliceville, AL, 35442-2704;http://cityofaliceville.com",,,"419 Memorial Pkwy NE Aliceville, AL 35442-2704 Website cityofaliceville.com",
Andalusia Area Chamber of Commerce,"Andalusia, AL",AL,,"https://maps.google.com/?q=P.O Box 66, Andalusia, AL, 36420-1201","https://maps.google.com/?q=P.O Box 66, Andalusia, AL, 36420-1201;https://www.andalusiachamber.com/",,,"66 Andalusia, AL 36420-1201 Website www.andalusiachamber.com",
Ashford Area Chamber of Commerce,"Ashford, AL",AL,,"https://maps.google.com/?q=P.O Box 463, Ashford, AL, 36312-0463","https://maps.google.com/?q=P.O Box 463, Ashford, AL, 36312-0463",,,"463 Ashford, AL 36312-0463",
Bayou La Batre Chamber of Commerce,"Bayou la Batre, AL",AL,,"https://maps.google.com/?q=12745 Padgett Switch Rd., Bayou la Batre, AL, 36509","https://maps.google.com/?q=12745 Padgett Switch Rd., Bayou la Batre, AL, 36509",,,"12745 Padgett Switch Rd. Bayou la Batre, AL 36509",
Bibb County Chamber of Commerce,"Centreville, AL",AL,,"https://maps.google.com/?q=835 Walnut St, Centreville, AL, 35042-2829","https://maps.google.com/?q=835 Walnut St, Centreville, AL, 35042-2829",,,"835 Walnut St Centreville, AL 35042-2829",
Blount County-Oneonta Chamber of Commerce,"Oneonta, AL",AL,,"https://maps.google.com/?q=P.O Box 1487, Oneonta, AL, 35121-0017","https://maps.google.com/?q=P.O Box 1487, Oneonta, AL, 35121-0017;http://www.blountoneontachamber.org",,,"1487 Oneonta, AL 35121-0017 Website www.blountoneontachamber.org",
Boaz Area Chamber of Commerce,"Boaz, AL",AL,,"https://maps.google.com/?q=100 E Bartlett St, Boaz, AL, 35957-1902","https://maps.google.com/?q=100 E Bartlett St, Boaz, AL, 35957-1902;https://www.boazareachamber.com/",,,"100 E Bartlett St Boaz, AL 35957-1902 Website www.boazareachamber.com",
Bullock County Chamber of Commerce,"Union Springs, AL",AL,,"https://maps.google.com/?q=P.O Box 203, Union Springs, AL, 36089-0203","https://maps.google.com/?q=P.O Box 203, Union Springs, AL, 36089-0203;http://www.unionspringsalabama.com",,,"203 Union Springs, AL 36089-0203 Website www.unionspringsalabama.com",
Chamber of Commerce of Walker County,"Jasper, AL",AL,,"https://maps.google.com/?q=P.O Box 972, Jasper, AL, 35502-0972","https://maps.google.com/?q=P.O Box 972, Jasper, AL, 35502-0972;http://www.walkerchamber.us/",,,"972 Jasper, AL 35502-0972 Website www.walkerchamber.us",
Cherokee County Chamber of Commerce,"Centre, AL",AL,,"https://maps.google.com/?q=801 Cedar Bluff Rd, Centre, AL, 35960-1005","https://maps.google.com/?q=801 Cedar Bluff Rd, Centre, AL, 35960-1005;http://www.cherokee-chamber.org",,,"801 Cedar Bluff Rd Centre, AL 35960-1005 Website www.cherokee-chamber.org",
Childersburg Chamber of Commerce,"Childersburg, AL",AL,,"https://maps.google.com/?q=805 3rd St SW, Childersburg, AL, 35044-1609","https://maps.google.com/?q=805 3rd St SW, Childersburg, AL, 35044-1609;http://www.childersburg.com",,,"805 3rd St SW Childersburg, AL 35044-1609 Website www.childersburg.com",
Choctaw County Chamber of Commerce & Comm. Dev. Fo,"Butler, AL",AL,,"https://maps.google.com/?q=P.O Box 180, Butler, AL, 36904-0180","https://maps.google.com/?q=P.O Box 180, Butler, AL, 36904-0180",,,"180 Butler, AL 36904-0180",
Citronelle Economic Developement,"Citronelle, AL",AL,,"https://maps.google.com/?q=P.O Box 394, Citronelle, AL, 36522-0394","https://maps.google.com/?q=P.O Box 394, Citronelle, AL, 36522-0394",,,"394 Citronelle, AL 36522-0394",
Clay Area Chamber of Commerce,"Clay, AL",AL,,"https://maps.google.com/?q=P.O Box 26, Clay, AL, 35048-0026","https://maps.google.com/?q=P.O Box 26, Clay, AL, 35048-0026;http://www.claycoc.com",,,"26 Clay, AL 35048-0026 Website www.claycoc.com",
Clay County Chamber of Commerce,"Lineville, AL",AL,,"https://maps.google.com/?q=P.O Box 85, Lineville, AL, 36266-0085","https://maps.google.com/?q=P.O Box 85, Lineville, AL, 36266-0085;http://alabamaclaycounty.com",,,"85 Lineville, AL 36266-0085 Website alabamaclaycounty.com",
Cleburne County Chamber of Commerce,"Heflin, AL",AL,,"https://maps.google.com/?q=P.O Box 413, Heflin, AL, 36264-0413","https://maps.google.com/?q=P.O Box 413, Heflin, AL, 36264-0413",,,"413 Heflin, AL 36264-0413",
Coastal Alabama Business Chamber,"Gulf Shores, AL",AL,,"https://maps.google.com/?q=3150 Gulf Shores Pkwy, Gulf Shores, AL, 36542-2826","https://maps.google.com/?q=3150 Gulf Shores Pkwy, Gulf Shores, AL, 36542-2826;http://www.mygulfcoastchamber.com",,,"3150 Gulf Shores Pkwy Gulf Shores, AL 36542-2826 Website www.mygulfcoastchamber.com",
Crenshaw County Chamber of Commerce,"Luverne, AL",AL,,"https://maps.google.com/?q=P.O Box 4, Luverne, AL, 36049-0004","https://maps.google.com/?q=P.O Box 4, Luverne, AL, 36049-0004",,,"4 Luverne, AL 36049-0004",
Dadeville Area Chamber of Commerce,"Dadeville, AL",AL,,"https://maps.google.com/?q=345 E Lafayette St, Dadeville, AL, 36853-1443","https://maps.google.com/?q=345 E Lafayette St, Dadeville, AL, 36853-1443;http://www.dadeville.com",,,"345 E Lafayette St Dadeville, AL 36853-1443 Website www.dadeville.com",
Daleville Area Chamber of Commerce,"Daleville, AL",AL,,"https://maps.google.com/?q=750 S Daleville Ave, Daleville, AL, 36322-2390","https://maps.google.com/?q=750 S Daleville Ave, Daleville, AL, 36322-2390;https://www.dalevilleareachamber.com/",,,"750 S Daleville Ave Daleville, AL 36322-2390 Website www.dalevilleareachamber.com",
Daleville Chamber of Commerce,"Daleville, AL",AL,,"https://maps.google.com/?q=P.O Box 688, Daleville, AL, 36322-0688","https://maps.google.com/?q=P.O Box 688, Daleville, AL, 36322-0688;http://www.daleville-org.com",,,"688 Daleville, AL 36322-0688 Website www.daleville-org.com",
Dauphin Island Chamber of Commerce,"Dauphin Island, AL",AL,,"https://maps.google.com/?q=1016 Bienville Boulevard, Dauphin Island, AL, 36528","https://maps.google.com/?q=1016 Bienville Boulevard, Dauphin Island, AL, 36528;https://dauphinislandchamberofcommerce.com/",,,"1016 Bienville Boulevard Dauphin Island, AL 36528 Website dauphinislandchamberofcommerce.com",
East Walker County Chamber of Commerce,"Sumiton, AL",AL,,"https://maps.google.com/?q=P.O Box 188, Sumiton, AL, 35148-0188","https://maps.google.com/?q=P.O Box 188, Sumiton, AL, 35148-0188",,,"188 Sumiton, AL 35148-0188",
Eutaw Area Chamber of Commerce,"Eutaw, AL",AL,,"https://maps.google.com/?q=P.O Box 31, Eutaw, AL, 35462-0031","https://maps.google.com/?q=P.O Box 31, Eutaw, AL, 35462-0031",,,"31 Eutaw, AL 35462-0031",
Evergreen/Conecuh County Area Chamber of Commerce,"Evergreen, AL",AL,,"https://maps.google.com/?q=One Depot Sq, Evergreen, AL, 36401","https://maps.google.com/?q=One Depot Sq, Evergreen, AL, 36401;http://www.evergreenal.com",,,36401 Website www.evergreenal.com,
Fairfield Chamber of Commerce,"Fairfield, AL",AL,,"https://maps.google.com/?q=P.O Box 213, Fairfield, AL, 35064-0213","https://maps.google.com/?q=P.O Box 213, Fairfield, AL, 35064-0213",,,"213 Fairfield, AL 35064-0213",
Fayette Area Chamber of Commerce,"Fayette, AL",AL,,"https://maps.google.com/?q=P.O Box 247, Fayette, AL, 35555-0247","https://maps.google.com/?q=P.O Box 247, Fayette, AL, 35555-0247",,,"247 Fayette, AL 35555-0247",
Flomaton Chamber of Commerce,"Flomaton, AL",AL,,"https://maps.google.com/?q=P.O Box 636, Flomaton, AL, 36441-0636","https://maps.google.com/?q=P.O Box 636, Flomaton, AL, 36441-0636",,,"636 Flomaton, AL 36441-0636",
Fort Deposit Chamber of Commerce,"Fort Deposit, AL",AL,,"https://maps.google.com/?q=P.O Box 162, Fort Deposit, AL, 36032-0162","https://maps.google.com/?q=P.O Box 162, Fort Deposit, AL, 36032-0162",,,"162 Fort Deposit, AL 36032-0162",
Fort Payne Chamber of Commerce,"Fort Payne, AL",AL,,"https://maps.google.com/?q=300 Gault Ave N, Fort Payne, AL, 35967-2106","https://maps.google.com/?q=300 Gault Ave N, Fort Payne, AL, 35967-2106;http://www.fortpaynechamber.com",,,"300 Gault Ave N Fort Payne, AL 35967-2106 Website www.fortpaynechamber.com",
Franklin County Chamber of Commerce,"Russellville, AL",AL,,"https://maps.google.com/?q=P.O Box 44, Russellville, AL, 35653-0044","https://maps.google.com/?q=P.O Box 44, Russellville, AL, 35653-0044;http://www.franklincountychamber.org",,,"44 Russellville, AL 35653-0044 Website www.franklincountychamber.org",
Gardendale Chamber of Commerce,"Gardendale, AL",AL,,"https://maps.google.com/?q=425 Decatur Hwy, Gardendale, AL, 35071-3058","https://maps.google.com/?q=425 Decatur Hwy, Gardendale, AL, 35071-3058;https://gardendalechamber.com/",,,"425 Decatur Hwy Gardendale, AL 35071-3058 Website gardendalechamber.com",
Gordo Area Chamber of Commerce,"Gordo, AL",AL,,"https://maps.google.com/?q=P.O Box 33, Gordo, AL, 35466-0033","https://maps.google.com/?q=P.O Box 33, Gordo, AL, 35466-0033;http://www.pickens.net/gordochamber",,,"33 Gordo, AL 35466-0033 Website www.pickens.net",
Grant Chamber of Commerce,"Grant, AL",AL,,"https://maps.google.com/?q=P.O Box 221, Grant, AL, 35747-0221","https://maps.google.com/?q=P.O Box 221, Grant, AL, 35747-0221;http://www.grantchamberofcommerce.com",,,"221 Grant, AL 35747-0221 Website www.grantchamberofcommerce.com",
Greater Brewton Area Chamber of Commerce,"Brewton, AL",AL,,"https://maps.google.com/?q=1010B Douglas Ave, Brewton, AL, 36426-1560","https://maps.google.com/?q=1010B Douglas Ave, Brewton, AL, 36426-1560;http://www.brewtonchamber.com",,,1560 Website www.brewtonchamber.com,
Greater Geneva Area Chamber of Commerce,"Geneva, AL",AL,,"https://maps.google.com/?q=414 E Magnolia Ave, Geneva, AL, 36340-2305","https://maps.google.com/?q=414 E Magnolia Ave, Geneva, AL, 36340-2305;http://www.genevaalabama.com",,,"414 E Magnolia Ave Geneva, AL 36340-2305 Website www.genevaalabama.com",
Greater Shelby Chamber of Commerce,"Pelham, AL",AL,,"https://maps.google.com/?q=1301 County Services Dr, Pelham, AL, 35124-6160","https://maps.google.com/?q=1301 County Services Dr, Pelham, AL, 35124-6160;https://www.shelbychamber.org/",,,"1301 County Services Dr Pelham, AL 35124-6160 Website www.shelbychamber.org",
Greater Tallassee Area Chamber of Commerce,"Tallassee, AL",AL,,"https://maps.google.com/?q=303 Barnett Blvd, Tallassee, AL, 36078-1505","https://maps.google.com/?q=303 Barnett Blvd, Tallassee, AL, 36078-1505;https://www.tallasseechamber.com/",,,"303 Barnett Blvd Tallassee, AL 36078-1505 Website www.tallasseechamber.com",
Greater Valley AreaChamber of Commerce,"Lanett, AL",AL,,"https://maps.google.com/?q=2102 S Broad Ave, Lanett, AL, 36863-3111","https://maps.google.com/?q=2102 S Broad Ave, Lanett, AL, 36863-3111",,,"2102 S Broad Ave Lanett, AL 36863-3111",
Greenville Area Chamber of Commerce,"Greenville, AL",AL,,"https://maps.google.com/?q=1 Depot Sq, Greenville, AL, 36037-2500","https://maps.google.com/?q=1 Depot Sq, Greenville, AL, 36037-2500;http://www.camelliacity.com",,,"1 Depot Sq Greenville, AL 36037-2500 Website www.camelliacity.com",
Grove Hill Area Chamber of Commerce,"Grove Hill, AL",AL,,"https://maps.google.com/?q=P.O Box 567, Grove Hill, AL, 36451-0567","https://maps.google.com/?q=P.O Box 567, Grove Hill, AL, 36451-0567",,,"567 Grove Hill, AL 36451-0567",
Haleyville Chamber of Commerce,"Haleyville, AL",AL,,"https://maps.google.com/?q=P.O Box 634, Haleyville, AL, 35565-0634","https://maps.google.com/?q=P.O Box 634, Haleyville, AL, 35565-0634;http://www.haleyvillechamber.org",,,"634 Haleyville, AL 35565-0634 Website www.haleyvillechamber.org",
Hamilton Area Chamber of Commerce,"Hamilton, AL",AL,,"https://maps.google.com/?q=P.O Box 1168, Hamilton, AL, 35570-1168","https://maps.google.com/?q=P.O Box 1168, Hamilton, AL, 35570-1168;http://www.cityofhamilton.org",,,"1168 Hamilton, AL 35570-1168 Website www.cityofhamilton.org",
Headland Chamber ofCommerce,"Headland, AL",AL,,"https://maps.google.com/?q=P.O Box 236, Headland, AL, 36345-0236","https://maps.google.com/?q=P.O Box 236, Headland, AL, 36345-0236;http://www.headlandal.com",,,"236 Headland, AL 36345-0236 Website www.headlandal.com",
Hueytown Area Chamber of Commerce,"Hueytown, AL",AL,,"https://maps.google.com/?q=1318 Hueytown Rd, Hueytown, AL, 35023-2415","https://maps.google.com/?q=1318 Hueytown Rd, Hueytown, AL, 35023-2415;http://www.hueytownchamber.com",,,"1318 Hueytown Rd Hueytown, AL 35023-2415 Website www.hueytownchamber.com",
Huntsville Madison County Chamber,"Huntsville, AL",AL,,"https://maps.google.com/?q=225 Church Street Northwest, Huntsville, AL, 35801","https://maps.google.com/?q=225 Church Street Northwest, Huntsville, AL, 35801;https://hsvchamber.org/",,,"225 Church Street Northwest Huntsville, AL 35801 Website hsvchamber.org",
Lawrence County Chamber of Commerce,"Trinity, AL",AL,,"https://maps.google.com/?q=23127 Al Highway 24, Trinity, AL, 35673-4348","https://maps.google.com/?q=23127 Al Highway 24, Trinity, AL, 35673-4348;http://www.lawrencealabama.com",,,"23127 Al Highway 24 Trinity, AL 35673-4348 Website www.lawrencealabama.com",
Leeds Area Chamber of Commerce,"Leeds, AL",AL,,"https://maps.google.com/?q=P.O Box 900, Leeds, AL, 35094-0016","https://maps.google.com/?q=P.O Box 900, Leeds, AL, 35094-0016;http://www.leedsareachamber.com",,,"900 Leeds, AL 35094-0016 Website www.leedsareachamber.com",
Marshall County Convention and Visitors Bureau,"Guntersville, AL",AL,,"https://maps.google.com/?q=P.O Box 711, Guntersville, AL, 35976-0711","https://maps.google.com/?q=P.O Box 711, Guntersville, AL, 35976-0711;http://www.marshallcountycvb.com",,,"711 Guntersville, AL 35976-0711 Website www.marshallcountycvb.com",
Montevallo Chamber of Commerce,"Montevallo, AL",AL,,"https://maps.google.com/?q=845 Valley St, Montevallo, AL, 35115-3720","https://maps.google.com/?q=845 Valley St, Montevallo, AL, 35115-3720",,,"845 Valley St Montevallo, AL 35115-3720",
Moody Area Chamber of Commerce,"Moody, AL",AL,,"https://maps.google.com/?q=670 Park Ave, Moody, AL, 35004-3229","https://maps.google.com/?q=670 Park Ave, Moody, AL, 35004-3229;http://www.moodyalchamber.com",,,"670 Park Ave Moody, AL 35004-3229 Website www.moodyalchamber.com",
North Jefferson Chamber of Commerce,"Fultondale, AL",AL,,"https://maps.google.com/?q=P.O. Box 504, Fultondale, AL, 35068","https://maps.google.com/?q=P.O. Box 504, Fultondale, AL, 35068;https://northjeffersonchamber.com/",,,"504 Fultondale, AL 35068 Website northjeffersonchamber.com",
Ozark Area Chamber of Commerce,"Ozark, AL",AL,,"https://maps.google.com/?q=294 S Painter Ave, Ozark, AL, 36360-0866","https://maps.google.com/?q=294 S Painter Ave, Ozark, AL, 36360-0866;http://www.ozarkalchamber.com",,,"294 S Painter Ave Ozark, AL 36360-0866 Website www.ozarkalchamber.com",
Pike County Chamber of Commerce,"Troy, AL",AL,,"https://maps.google.com/?q=P.O Box 249, Troy, AL, 36081-0249","https://maps.google.com/?q=P.O Box 249, Troy, AL, 36081-0249;http://www.pikecoc.com",,,"249 Troy, AL 36081-0249 Website www.pikecoc.com",
Prichard Area Chamber of Commerce,"Prichard, AL",AL,,"https://maps.google.com/?q=P.O Box 10266, Prichard, AL, 36610-0266","https://maps.google.com/?q=P.O Box 10266, Prichard, AL, 36610-0266;http://www.prichardchamber.com",,,"10266 Prichard, AL 36610-0266 Website www.prichardchamber.com",
Prichard Chamber ofCommerce,"Prichard, AL",AL,,"https://maps.google.com/?q=P.O Box 10266, Prichard, AL, 36610-0266","https://maps.google.com/?q=P.O Box 10266, Prichard, AL, 36610-0266",,,"10266 Prichard, AL 36610-0266",
Rainsville Chamber of Commerce,"Rainsville, AL",AL,,"https://maps.google.com/?q=P.O Box 396, Rainsville, AL, 35986-0396","https://maps.google.com/?q=P.O Box 396, Rainsville, AL, 35986-0396;http://rainsville.info/",,,"396 Rainsville, AL 35986-0396 Website rainsville.info",
Randolph County Chamber of Commerce,"Roanoke, AL",AL,,"https://maps.google.com/?q=P.O Box 431, Roanoke, AL, 36274-0431","https://maps.google.com/?q=P.O Box 431, Roanoke, AL, 36274-0431;http://www.randolphcountyal.com",,,"431 Roanoke, AL 36274-0431 Website www.randolphcountyal.com",
Saraland Area Chamber of Commerce,"Saraland, AL",AL,,"https://maps.google.com/?q=939 Saraland Blvd S, Saraland, AL, 36571-3608","https://maps.google.com/?q=939 Saraland Blvd S, Saraland, AL, 36571-3608;http://www.saralandcoc.com",,,"939 Saraland Blvd S Saraland, AL 36571-3608 Website www.saralandcoc.com",
South Lamar Chamber of Commerce,"Millport, AL",AL,,"https://maps.google.com/?q=P.O Box 205, Millport, AL, 35576-0205","https://maps.google.com/?q=P.O Box 205, Millport, AL, 35576-0205;http://southlamarchamber.org",,,"205 Millport, AL 35576-0205 Website southlamarchamber.org",
Southwest Mobile County Chamber of Commerce,"Mobile, AL",AL,,"https://maps.google.com/?q=5055 Carol Plantation Rd, Mobile, AL, 36619-1727","https://maps.google.com/?q=5055 Carol Plantation Rd, Mobile, AL, 36619-1727",,,"5055 Carol Plantation Rd Mobile, AL 36619-1727",
Springville Area Chamber of Commerce,"Springville, AL",AL,,"https://maps.google.com/?q=6496 US Highway 11, Springville, AL, 35146-4010","https://maps.google.com/?q=6496 US Highway 11, Springville, AL, 35146-4010",,,"6496 US Highway 11 Springville, AL 35146-4010",
Thomasville Alabama Chamber of Commerce,"Thomasville, AL",AL,,"https://maps.google.com/?q=138 Wilson Ave E, Thomasville, AL, 36784-2121","https://maps.google.com/?q=138 Wilson Ave E, Thomasville, AL, 36784-2121;http://www.thomasvillealchamber.com",,,"138 Wilson Ave E Thomasville, AL 36784-2121 Website www.thomasvillealchamber.com",
Tri-Cities Chamber of Commerce,"Florala, AL",AL,,"https://maps.google.com/?q=1135 4th St, Florala, AL, 36442-3822","https://maps.google.com/?q=1135 4th St, Florala, AL, 36442-3822;http://www.tricities.com",,,"1135 4th St Florala, AL 36442-3822 Website www.tricities.com",
Trussville Area Chamber of Commerce,"Trussville, AL",AL,,"https://maps.google.com/?q=400 Main St, Trussville, AL, 35173-1427","https://maps.google.com/?q=400 Main St, Trussville, AL, 35173-1427;http://www.trussvillechamber.com",,,"400 Main St Trussville, AL 35173-1427 Website www.trussvillechamber.com",
Tuskegee Area Chamber of Commerce,"Tuskegee, AL",AL,,"https://maps.google.com/?q=P.O Box 831034, Tuskegee, AL, 36083-1034","https://maps.google.com/?q=P.O Box 831034, Tuskegee, AL, 36083-1034;http://www.tuskegeeareachamber.org",,,"831034 Tuskegee, AL 36083-1034 Website www.tuskegeeareachamber.org",
Union Springs-bullock County Chamber of Commerce,"Union Springs, AL",AL,,"https://maps.google.com/?q=126 Prairie St N, Union Springs, AL, 36089-1615","https://maps.google.com/?q=126 Prairie St N, Union Springs, AL, 36089-1615;http://www.usacoc.com",,,"126 Prairie St N Union Springs, AL 36089-1615 Website www.usacoc.com",
Vernon Chamber of Commerce,"Vernon, AL",AL,,"https://maps.google.com/?q=P.O Box 336, Vernon, AL, 35592-0336","https://maps.google.com/?q=P.O Box 336, Vernon, AL, 35592-0336",,,"336 Vernon, AL 35592-0336",
Vestavia Hills Chamber of Commerce,"Vestavia Hills, AL",AL,,"https://maps.google.com/?q=1975 Merryvale Rd, Vestavia Hills, AL, 35216-2740","https://maps.google.com/?q=1975 Merryvale Rd, Vestavia Hills, AL, 35216-2740;http://www.vestaviahills.org",,,"1975 Merryvale Rd Vestavia Hills, AL 35216-2740 Website www.vestaviahills.org",
Wetumpka Area Chamber of Commerce,"Wetumpka, AL",AL,,"https://maps.google.com/?q=116 East Bridge Street, Wetumpka, AL, 36092-2711","https://maps.google.com/?q=116 East Bridge Street, Wetumpka, AL, 36092-2711;https://wetumpkachamber.org/",,,"116 East Bridge Street Wetumpka, AL 36092-2711 Website wetumpkachamber.org",
Wilcox Area Chamber of Commerce,"Camden, AL",AL,,"https://maps.google.com/?q=1001 Earl Hilliard Rd, Camden, AL, 36726-3518","https://maps.google.com/?q=1001 Earl Hilliard Rd, Camden, AL, 36726-3518;http://www.wilcoxareachamber.org",,,"1001 Earl Hilliard Rd Camden, AL 36726-3518 Website www.wilcoxareachamber.org",
Winfield Chamber of Commerce,"Winfield, AL",AL,,"https://maps.google.com/?q=P.O Box 916, Winfield, AL, 35594-0916","https://maps.google.com/?q=P.O Box 916, Winfield, AL, 35594-0916;http://www.winfieldcity.org",,,"916 Winfield, AL 35594-0916 Website www.winfieldcity.org",
