state,url,filename,text,error
Missouri,https://www.officialusa.com/stateguides/chambers/missouri.html,missouri.html,,
Illinois,https://www.officialusa.com/stateguides/chambers/illinois.html,illinois.html,,
Florida,https://www.officialusa.com/stateguides/chambers/florida.html,florida.html,,
New York,https://www.officialusa.com/stateguides/chambers/newyork.html,new-york.html,,
Delaware,https://www.officialusa.com/stateguides/chambers/delaware.html,delaware.html,,
Louisiana,https://www.officialusa.com/stateguides/chambers/louisiana.html,louisiana.html,,
Montana,https://www.officialusa.com/stateguides/chambers/montana.html,montana.html,,
Massachusetts,https://www.officialusa.com/stateguides/chambers/massachusetts.html,massachusetts.html,,
New Jersey,https://www.officialusa.com/stateguides/chambers/newjersey.html,new-jersey.html,,
Pennsylvania,https://www.officialusa.com/stateguides/chambers/pennsylvania.html,pennsylvania.html,,
New Mexico,https://www.officialusa.com/stateguides/chambers/newmexico.html,new-mexico.html,,
Wyoming,https://www.officialusa.com/stateguides/chambers/wyoming.html,wyoming.html,,
South Dakota,https://www.officialusa.com/stateguides/chambers/southdakota.html,south-dakota.html,,
Kentucky,https://www.officialusa.com/stateguides/chambers/kentucky.html,kentucky.html,,
Oregon,https://www.officialusa.com/stateguides/chambers/oregon.html,oregon.html,,
Tennessee,https://www.officialusa.com/stateguides/chambers/tennessee.html,tennessee.html,,
Oklahoma,https://www.officialusa.com/stateguides/chambers/oklahoma.html,oklahoma.html,,
Rhode Island,https://www.officialusa.com/stateguides/chambers/rhodeisland.html,rhode-island.html,,
Indiana,https://www.officialusa.com/stateguides/chambers/indiana.html,indiana.html,,
Maine,https://www.officialusa.com/stateguides/chambers/maine.html,maine.html,,
California,https://www.officialusa.com/stateguides/chambers/california.html,california.html,,
Alabama,https://www.officialusa.com/stateguides/chambers/alabama.html,alabama.html,,
Alaska,https://www.officialusa.com/stateguides/chambers/alaska.html,alaska.html,,
Nebraska,https://www.officialusa.com/stateguides/chambers/nebraska.html,nebraska.html,,
Texas,https://www.officialusa.com/stateguides/chambers/texas.html,texas.html,,
Utah,https://www.officialusa.com/stateguides/chambers/utah.html,utah.html,,
Michigan,https://www.officialusa.com/stateguides/chambers/michigan.html,michigan.html,,
North Carolina,https://www.officialusa.com/stateguides/chambers/northcarolina.html,north-carolina.html,,
Ohio,https://www.officialusa.com/stateguides/chambers/ohio.html,ohio.html,,
Maryland,https://www.officialusa.com/stateguides/chambers/maryland.html,maryland.html,,
New Hampshire,https://www.officialusa.com/stateguides/chambers/newhampshire.html,new-hampshire.html,,
Virginia,https://www.officialusa.com/stateguides/chambers/virginia.html,virginia.html,,
North Dakota,https://www.officialusa.com/stateguides/chambers/northdakota.html,north-dakota.html,,
Nevada,https://www.officialusa.com/stateguides/chambers/nevada.html,nevada.html,,
Kansas,https://www.officialusa.com/stateguides/chambers/kansas.html,kansas.html,,
Washington,https://www.officialusa.com/stateguides/chambers/washington.html,washington.html,,
Hawaii,https://www.officialusa.com/stateguides/chambers/hawaii.html,hawaii.html,,
Idaho,https://www.officialusa.com/stateguides/chambers/idaho.html,idaho.html,,
Iowa,https://www.officialusa.com/stateguides/chambers/iowa.html,iowa.html,,
Minnesota,https://www.officialusa.com/stateguides/chambers/minnesota.html,minnesota.html,,
Wisconsin,https://www.officialusa.com/stateguides/chambers/wisconsin.html,wisconsin.html,,
Arkansas,https://www.officialusa.com/stateguides/chambers/arkansas.html,arkansas.html,,
Vermont,https://www.officialusa.com/stateguides/chambers/vermont.html,vermont.html,,
Arizona,https://www.officialusa.com/stateguides/chambers/arizona.html,arizona.html,,
West Virginia,https://www.officialusa.com/stateguides/chambers/westvirginia.html,west-virginia.html,,
Colorado,https://www.officialusa.com/stateguides/chambers/colorado.html,colorado.html,,
Connecticut,https://www.officialusa.com/stateguides/chambers/connecticut.html,connecticut.html,,
Mississippi,https://www.officialusa.com/stateguides/chambers/mississippi.html,mississippi.html,,
Georgia,https://www.officialusa.com/stateguides/chambers/georgia.html,georgia.html,"Georgia Chamber of Commerce - Business Directory
Official
USA
.com
State Guides
Education
Associations for Education
Colleges and Trade Schools
Departments of Education
Online Degrees
Online Classes - non Degree
State Education Directories
Teacher and Administration
Chamber of Commerce
Airports
Log In
Sign Up
Home
State Guides
Chamber of Commerce
Georgia Chambers
Georgia Chamber of Commerce Directory
Georgia features 155 chambers of commerce serving the state's diverse business community. With 77% of executives optimistic about economic outlook and $1.7 trillion GDP potential, Georgia ranks among the nation's top business destinations.
155
Chambers Statewide
77%
Business Optimism
85%
Revenue Growth Expected
70%
Employment Increase Planned
Georgia Chamber of Commerce
Statewide Business Advocacy Organization
Founded in 1911 and incorporated in 1915, the Georgia Chamber of Commerce is the largest business advocacy organization in Georgia. For over 100 years, the Chamber has worked to keep, grow, and create jobs to make Georgia a better state for business. The Chamber's advocacy, policy, and thought leadership help ensure Georgia's economic competitiveness, attract new investments, and promote growth and prosperity for all businesses.
Contact Information
Address:
270 Peachtree Street, Suite 2200, Atlanta, GA 30303
Phone:
(404) 223-2264
Website:
gachamber.com
Additional Offices:
Atlanta, Brunswick, Tifton
Leadership
President & CEO:
Chris Clark
Coverage:
All 67 Georgia counties
Members:
Tens of thousands statewide
2024 Economic Outlook:
Georgia's business leaders remain confident with 77% feeling optimistic or very optimistic about the state's economic outlook. Executives anticipate continued growth with 85% expecting revenue increases and 70% planning employment growth in 2024.
Membership Benefits
Advocacy:
Unparalleled advocacy at state and federal levels with in-house lobbyists
Networking:
Access to cutting-edge insights and events like Eggs & Issues Breakfast and Congressional Luncheon
Legislative Engagement:
Georgia Business Action Network (GBAN) for direct lobbying efforts
Research:
Annual Executive Insights Survey and economic data analysis
Membership Tiers:
Multiple levels aligned with different business goals and budgets
Major Metropolitan Area Chambers
Metro Atlanta Chamber
A privately funded 164-year-old organization serving as a catalyst for a more prosperous and vibrant metro Atlanta. The region is now the 6th largest metropolitan area in the U.S., surpassing Philadelphia and Washington D.C. Georgia's job growth (5.6%) has consistently outpaced the U.S. average (3.3%) since 2014.
Metro Rank:
6th largest in U.S.
History:
164 years of service
Job Growth:
5.6% vs 3.3% national average
Workforce:
Diverse, skilled workforce from HBCUs and world-class universities
Top 10 Metro
Job Growth Leader
Augusta Metro Chamber of Commerce
Leads the business community by advocating, promoting, and enhancing the business climate in the Augusta Georgia River Region/CSRA. Launched Talent2Work, a unique regional workforce solutions technology platform connecting employers with talent and providing job seekers opportunities with top employers.
Address:
1 10th St, Augusta, GA 30901
Service Area:
River Region/CSRA
Hub Council:
Member
Events:
20+ annual events for members
Hub Chamber
Talent2Work Platform
Greater Macon Chamber of Commerce
Serves people by leveraging local business and industry investment to advance the economic prosperity of the region. Regional Influencers (highest-level Cornerstone Investors) drive advocacy, economic growth, and workforce excellence across the region with VIP recognition and premier visibility.
Focus:
Economic prosperity advancement
Hub Council:
Member
Programs:
Regional Influencers, Cornerstone Investors
Hub Chamber
Athens Area Chamber of Commerce
Serves the Athens business community with comprehensive advocacy and economic development programs. President & CEO David Bradley serves as inaugural chairman of the Hub Chamber Council, representing chambers outside Metro Atlanta.
Address:
246 W Hancock Ave, Athens, GA 30601
Website:
athensga.com
Hub Council:
Chairman (David Bradley)
Hub Council Chair
Georgia Chamber Hub Council
11 Metropolitan Community Chambers
The Georgia Chamber's Hub Chamber Council advocates for the unique needs of 11 metropolitan communities across Georgia outside of Metro Atlanta. The Hub Chamber Council engages in strategic initiatives and advocacy to support the economic prosperity of regional job hubs. The council works to increase the influence of member chambers at the Georgia Capitol and in Washington D.C., focusing on workforce housing, recruiting talent, and building infrastructure needed to foster economic development.
Hub Chamber Council Members:
Albany Chamber
- Southwest Georgia hub
Athens Area Chamber
- Northeast Georgia (Council Chair)
Augusta Metro Chamber
- River Region/CSRA
Brunswick Chamber
- Golden Isles region
Columbus Chamber
- Chattahoochee Valley
Greater Dalton Chamber
- Northwest Georgia
Greater Macon Chamber
- Central Georgia
Rome Chamber
- Northwest Georgia
Savannah Area Chamber
- Coastal Georgia
Valdosta Chamber
- South Georgia
Warner Robins Chamber
- Middle Georgia
Economic Impact:
Hub communities act as major regional hubs supporting Georgia's ports, largest hospitals outside Metro Atlanta, substantial portion of higher education and technical institutions, and nearly all state defense installations.
County and Regional Chambers Directory
Georgia has 155 chambers of commerce serving all 67 counties. Find your local chamber using the directory below or visit the
U.S. Chamber of Commerce Georgia Finder
.
North Georgia
Fannin County Chamber
- Blue Ridge area
Gilmer County Chamber
- Ellijay
Greater Hall Chamber
- Gainesville
Greater North Fulton Chamber
- North Atlanta suburbs
Jackson County Chamber
- Jefferson
Lake Chatuge Chamber
- Mountain region
Towns County Chamber
- Hiawassee
Blairsville-Union Chamber
- Union County
White County Chamber
- Cleveland
Gordon County Chamber
- Calhoun
Metro Atlanta Area
Gwinnett Chamber
- 250+ annual networking events
DeKalb County Chamber
- East Atlanta
Clayton County Chamber
- South Metro Atlanta
Henry County Chamber
- 800+ employers
Douglas County Chamber
- West Metro Atlanta
Barrow County Chamber
- Winder
Central Georgia
Dublin-Laurens Chamber
- Business After Hours events
Eatonton Chamber
- Putnam County
Milledgeville-Baldwin Chamber
- Historic capital
Butts County Chamber
- Jackson
Taylor County Chamber
- Butler
South Georgia
Douglas-Coffee County Chamber
- Douglas
Dawson County Chamber
- Dawsonville
Duluth Chamber
- Gwinnett County
Southeast Georgia
Columbia County Chamber
- Evans/Martinez
Hart County Chamber
- Hartwell
Franklin County Chamber
- Carnesville
Oconee County Chamber
- Watkinsville
Coastal Georgia
Brunswick-Golden Isles Chamber
- Coastal region
Savannah Area Chamber
- Port city
Find Your Local Chamber:
Visit the
U.S. Chamber of Commerce Georgia Directory
for a complete searchable list of all 155 Georgia chambers by city and county.
Small Business Resources and Economic Development
UGA Small Business Development Center (SBDC)
With 18 offices across the state, the UGA SBDC provides low-cost educational training programs and no-cost consulting. Over the past five years, entrepreneurs have created more than 2,100 new businesses, added more than 14,000 jobs, raised more than $1.11 billion in financing, and generated over $9.5 billion in sales.
Offices:
18 statewide locations
New Businesses:
2,100+ in 5 years
Jobs Created:
14,000+
Financing Raised:
$1.11 billion
Sales Generated:
$9.5 billion
Georgia Department of Economic Development
The Georgia Center of Innovation, focused in six key industries, is the state's leading resource for facilitating business innovation and implementing new ideas. In Georgia, a small business must be independently owned and operated, plus have fewer than 300 employees or bring in less than $30 million in annual gross receipts.
Programs:
State Small Business Credit Initiative (SSBCI)
Focus:
Six key industries
Funding:
ARPA SSBCI 2.0 program
Target:
Minority and women-owned businesses
Georgia Tech APEX Accelerator
Affiliated with the Department of Defense Office of Small Business Programs, assists Georgia-based businesses in getting procurement-ready to identify, compete for, and win government contracts at no cost. SCORE provides mentoring and training to entrepreneurs through SBA offices.
Focus:
Government contracting
Cost:
Free services
Partner:
DoD Small Business Programs
Greater Hall Chamber Small Business
Certified 13 businesses as Small Business Partners in 2024, with businesses qualifying by attending six Small Business Seminars in a year. Gainesville-Hall County ranked one of the 2023 Best Cities in the U.S. for Small Businesses, with 99.63% of Hall County's 5,499 businesses categorized as small.
Small Businesses:
99.63% in Hall County
Ranking:
Best Cities 2023
Certification:
Small Business Partners program
Future of Small Business Summit
In July 2024, the Georgia Chamber of Commerce hosted the Future of Small Business summit, designed to equip small businesses with the tools they need for future success. Keynote speaker Holly Wade (Executive Director of the NFIB Research Center) emphasized that ""small businesses are the backbone of Georgia's economy"" and create jobs that strengthen communities.
Key Topics:
Accessing capital, artificial intelligence adoption, human resource challenges, workforce development
Chamber Membership Benefits
Key Benefits of Chamber Membership
Networking Opportunities
Gwinnett Chamber:
250+ annual gatherings, women and small business-specific events
Henry County Chamber:
Lunch with a Leader, Business After Hours, Emerging Business Leaders, Coffee & Collaboration
Dublin-Laurens Chamber:
Business After Hours (150-300 attendees), First Friday Means Business (75-90 attendees)
Augusta Metro Chamber:
20+ events annually including Third Thursday Business Builder
Professional Development
Educational seminars and workshops
Industry insights and market research
Leadership programs
Peer-to-peer connections
Business Visibility
Online business directory listings
Chamber publications and newsletters
Event sponsorship opportunities
Member spotlight features
Advocacy and Support
Legislative advocacy at state and federal levels
Policy updates and political briefings
Georgia Business Action Network (GBAN)
Connection to government leaders
Membership Impact:
Research by The Shapiro Group shows chamber membership provides 63% increase in likelihood of consumer patronage. Greater Hall Chamber survey shows 78% of members join primarily for networking opportunities.
Georgia Chamber Federation:
Augusta Metro Chamber members with 10 or fewer employees receive complimentary Georgia Chamber Federation membership, including legislative updates and reduced pricing for Georgia Chamber events and seminars.
Specialty and Diversity Chambers
Georgia Hispanic Chamber of Commerce (GHCC)
Celebrating 40 years of championing commerce with their ""40rty into the Future"" initiative. Non-profit committed to promote and support domestic and international economic development of Hispanic businesses, serving as link between non-Hispanic entities and Hispanic market.
40 Years
International Trade
Georgia Coalition of Black Chambers (GCBC)
Led by Atlanta Black Chambers and 11 regional organizations throughout the state. Provides collaborative leadership and advocacy for transformational access, economic growth, and opportunities for advancement of Black businesses and non-profit industry associations.
12 Regional Chambers
Greater Georgia Black Chamber of Commerce (GGBCC)
Incorporated in 2016, member of National Black Chamber of Commerce. Dedicated to economically empowering and sustaining African American communities through entrepreneurship. Champions Diversity Equity and Inclusion for Black, Women, Veterans, Disability, Minority, and Small Businesses.
DEI Focus
Atlanta Black Chambers
Non-profit organization consisting of individuals engaging in Business, Community and Government activities. Serves as advocate for creation and growth of competitive, profitable and sustainable Black owned entities. Building Brilliant Businesses since 2005.
Since 2005
Southern Georgia Black Chambers
Addresses cultural needs and captures interests of diverse populations throughout community. Creating opportunities for members is #1 priority. Ensures member businesses bring value to marketplace, remain relevant and competitive, and be sustainable for future generations.
South Georgia
Additional Regional Black Chambers
Central Georgia Coalition of Black Businesses, Greater Augusta Black Chamber, River Valley Black Chambers, Greater Savannah Black Chamber, Heart of Georgia Black Chambers, North Georgia Black Business Alliance, Northeast Georgia Black Chamber, Northwest Georgia Economic Alliance, West Central Georgia Black Chamber, Greater Albany Economic Alliance.
Frequently Asked Questions
How many chambers of commerce are in Georgia?
Georgia has 155 chambers of commerce listed statewide, serving all 67 counties from small towns to major metropolitan areas. The Georgia Chamber of Commerce, founded in 1911 and incorporated in 1915, serves as the statewide business advocacy organization with offices in Atlanta, Brunswick, and Tifton. Local chambers range from major metropolitan chambers like Metro Atlanta Chamber (164-year-old organization) to county chambers and the Hub Chamber Council representing 11 metropolitan communities outside Atlanta including Albany, Athens, Augusta, Brunswick, Columbus, Dalton, Macon, Rome, Savannah, Valdosta, and Warner Robins.
What are the benefits of joining a Georgia chamber of commerce?
Georgia chamber membership provides significant business advantages including networking opportunities (Gwinnett Chamber hosts 250+ annual gatherings, Henry County Chamber offers Lunch with a Leader and Business After Hours events, Dublin-Laurens Chamber Business After Hours averages 150-300 attendees), business visibility (online directory listings, chamber publications, sponsorships), advocacy (legislative representation through Georgia Business Action Network, policy updates, access to in-house lobbyists), and professional development (educational seminars, industry insights, leadership programs). Research by The Shapiro Group shows 63% increase in likelihood of consumer patronage for chamber members. Greater Hall Chamber survey indicates 78% of members join primarily for networking. Augusta Metro Chamber members with 10 or fewer employees receive complimentary Georgia Chamber Federation membership with legislative updates and reduced event pricing.
What is the Georgia Chamber of Commerce's role?
Founded in 1911 and incorporated in 1915, the Georgia Chamber of Commerce is the largest business advocacy organization in Georgia. Located at 270 Peachtree Street, Suite 2200, Atlanta, GA 30303 (phone 404-223-2264), the Chamber is led by President & CEO Chris Clark and represents tens of thousands of members across all 67 counties. For over 100 years, the Chamber has worked to keep, grow, and create jobs to make Georgia a better state for business. The Chamber is unique in that all activities are designed for business advocacy purposes including direct lobbying efforts, membership events like Eggs & Issues Breakfast and Congressional Luncheon, and the Georgia Business Action Network (GBAN). The Chamber maintains in-house lobbyists who promote legislation favorable to Georgia businesses and lobby against bills considered detrimental to business interests. Annually partners with Deloitte Consulting LLP to conduct Executive Insights Survey reaching over 1,000 executives.
What small business resources are available through Georgia chambers?
Georgia offers extensive small business resources through chambers and partners. The UGA Small Business Development Center (SBDC) operates 18 offices statewide providing low-cost training and no-cost consulting. Over past five years, entrepreneurs created 2,100+ new businesses, added 14,000+ jobs, raised $1.11 billion in financing, and generated $9.5 billion in sales. Georgia Chamber hosted Future of Small Business summit in July 2024 to equip small businesses with success tools. Georgia Department of Economic Development's Center of Innovation facilitates business innovation in six key industries. State Small Business Credit Initiative (SSBCI) funded through ARPA provides capital for loans targeting minority-owned and women-owned businesses. Georgia Tech APEX Accelerator assists with government contracting (free services). Greater Hall Chamber certified 13 Small Business Partners in 2024 (qualify by attending six seminars yearly). Gainesville-Hall County ranked Best Cities 2023 for Small Businesses with 99.63% of 5,499 businesses categorized as small.
How do I find my local chamber of commerce in Georgia?
To find your local Georgia chamber, use the U.S. Chamber of Commerce Georgia Chamber Finder at uschamber.com/co/chambers/georgia, which provides searchable directory organized by city. Major metro chambers include Metro Atlanta Chamber (6th largest metro in U.S.), Augusta Metro Chamber (1 10th St, Augusta, GA 30901, augustametrochamber.com with Talent2Work platform), Greater Macon Chamber (economic prosperity focus), and Athens Area Chamber (246 W Hancock Ave, Athens, GA 30601, athensga.com). The Hub Chamber Council represents 11 metropolitan communities: Albany, Athens, Augusta, Brunswick, Columbus, Dalton, Macon, Rome, Savannah, Valdosta, and Warner Robins. County chambers include Gwinnett (250+ annual events), Henry County (800+ employers), Greater Hall (Gainesville), Dublin-Laurens, and many others. For complete list of all 155 Georgia chambers serving 67 counties, visit official directory resources.
What is Georgia's economic outlook and business climate?
The Georgia Chamber's 2024 Executive Insights Survey (partnered with Deloitte Consulting LLP, reaching 1,000+ executives) reveals strong economic outlook: 77% of business leaders feel optimistic or very optimistic about Georgia's economy. Anticipated growth shows 85% expecting revenue increases, 70% expecting capital expenditure increases, and 70% expecting full-time employment increases throughout 2024. Investment in technology continues with 57% of executives reporting anticipated increases in AI spending. Metro Atlanta is now 6th largest metropolitan area in U.S., surpassing Philadelphia and Washington D.C. Georgia's job growth (5.6%) has consistently outpaced U.S. average (3.3%) since 2014. Top business challenges include workforce shortages (62% of executives), lack of workforce housing (64% noting major concern), healthcare access and affordable insurance (63% citing as top issue), and liability/lawsuit abuse. The region offers diverse, skilled workforce from HBCUs and world-class universities.
What is the Hub Chamber Council?
The Georgia Chamber's Hub Chamber Council advocates for unique needs of 11 metropolitan communities across Georgia outside Metro Atlanta. The council engages in strategic initiatives and advocacy to support economic prosperity of regional job hubs, working to increase influence of member chambers at Georgia Capitol and Washington D.C. Focus areas include workforce housing, recruiting talent, and building infrastructure needed to foster economic development. Athens Area Chamber President & CEO David Bradley serves as inaugural chairman. Hub Chamber Council members include Albany, Athens, Augusta, Brunswick, Columbus, Dalton, Macon, Rome, Savannah, Valdosta, and Warner Robins chambers. Hub communities act as major regional hubs supporting Georgia's ports, largest hospitals outside Metro Atlanta, substantial portion of state's higher education and technical institutions, and nearly all state defense installations. The council provides unified voice for metropolitan areas that serve as economic engines across Georgia.
Are there specialty chambers for diverse business communities in Georgia?
Yes, Georgia has numerous specialty chambers serving diverse business communities. The Georgia Hispanic Chamber of Commerce (GHCC) celebrates 40 years championing Hispanic businesses with ""40rty into the Future"" initiative, promoting domestic and international economic development. The Georgia Coalition of Black Chambers (GCBC) is led by Atlanta Black Chambers and 11 regional organizations including Central Georgia Coalition of Black Businesses, Greater Augusta Black Chamber, River Valley Black Chambers, Greater Savannah Black Chamber, Heart of Georgia Black Chambers, North Georgia Black Business Alliance, Northeast Georgia Black Chamber, Southern Georgia Black Chambers, Northwest Georgia Economic Alliance, West Central Georgia Black Chamber, and Greater Albany Economic Alliance. The Greater Georgia Black Chamber of Commerce (GGBCC), incorporated 2016 as National Black Chamber member, champions Diversity Equity and Inclusion for Black, Women, Veterans, Disability, Minority, and Small Businesses. Atlanta Black Chambers (since 2005) advocates for competitive, profitable, sustainable Black-owned entities. These chambers provide targeted networking, advocacy, and economic development for their communities.
What networking opportunities do Georgia chambers provide?
Georgia chambers offer extensive networking opportunities. Gwinnett Chamber (gwinnettchamber.org) hosts 250+ annual gatherings with women and small business-specific events providing career growth opportunities. Henry County Chamber (800+ employers) offers Lunch with a Leader, Business After Hours, Emerging Business Leaders, Coffee & Collaboration, and committee involvement. Dublin-Laurens Chamber hosts Business After Hours monthly (150-300 attendees) and First Friday Means Business monthly (75-90 attendees). Augusta Metro Chamber provides 20+ annual events at no charge including monthly Third Thursday Business Builder and after-hours networking. Greater Hall Chamber survey shows 78% of members join primarily for networking. Georgia Chamber offers Eggs & Issues Breakfast and Congressional Luncheon events. These opportunities help members build relationships with business leaders, community leaders, and public policy makers, connect with other professionals, expand connections, and find new customers. Multiple avenues exist for connecting across industries and business sizes.
How can Georgia chambers help with business advocacy?
Georgia chambers provide powerful business advocacy at state and federal levels. The Georgia Chamber maintains in-house team of lobbyists who promote legislation favorable to Georgia businesses and lobby against bills considered detrimental to business interests. All Chamber activities are designed for advocacy purposes including direct lobbying efforts, membership events, and Georgia Business Action Network (GBAN) which engages members directly in legislative process. Members receive policy updates, political briefings, and ability to provide input on issues. The Hub Chamber Council works to increase influence of 11 metropolitan chambers at Georgia Capitol and Washington D.C. on issues like workforce housing, talent recruitment, and infrastructure. Chamber advocacy addresses top business concerns identified in Executive Insights Survey including workforce shortages (62%), housing access (64%), healthcare (63%), and liability issues. Local chambers like Augusta Metro and Macon Chamber drive regional economic policy. Chamber advocacy helped maintain Georgia's competitive business climate that has produced 5.6% job growth (vs 3.3% national average) and made Atlanta 6th largest metro area.
Last updated on November 27, 2025
© 1997-2026 Official
USA.com
About
Do Not Sell My Personal Information
Terms
Privacy
Cookie Policy
US Persons Directory:
A
B
C
D
E
F
G
H
I
J
K
L
M
N
O
P
Q
R
S
T
U
V
W
X
Y
Z
Recent Searches
:
03/13
03/12
03/11
03/10
03/09
03/08",
South Carolina,https://www.officialusa.com/stateguides/chambers/southcarolina.html,south-carolina.html,"South Carolina Chamber of Commerce Directory - Business Resources
Official
USA
.com
State Guides
Education
Associations for Education
Colleges and Trade Schools
Departments of Education
Online Degrees
Online Classes - non Degree
State Education Directories
Teacher and Administration
Chamber of Commerce
Airports
Log In
Sign Up
Home
State Guides
Chamber of Commerce
South Carolina Chambers
South Carolina Chamber of Commerce Directory
Comprehensive directory of business chambers, economic development organizations, and networking resources across the Palmetto State. Connect with local chambers throughout South Carolina's 46 counties to access business support, advocacy, and growth opportunities.
79+
Chambers Statewide
46
Counties Served
4
Major Regions
1773
Charleston Founded
South Carolina Chamber of Commerce
Statewide Business Advocacy
The South Carolina Chamber of Commerce serves as the leading voice for business in the Palmetto State, representing companies from startups to global enterprises across all industry sectors.
Address:
1301 Gervais Street, Suite 1100
Columbia, SC 29201
Phone:
(803) 799-4601
Website:
www.scchamber.net
President/CEO:
Ted Pitts
Key Focus Areas:
Legislative advocacy and policy development
Annual Competitiveness Agenda
Vision 2030 Blueprint for business growth
Statewide networking events and summit
SC Small Business Chamber of Commerce:
Advocating exclusively for small businesses since 2000. This separate organization provides specialized support for small business owners across South Carolina. Visit
scsbc.org
for membership information.
Major Metro Chambers of Commerce
Charleston Metro Chamber
Est. 1773 - Oldest in USA
First municipal chamber in the United States
and longest continually operating business membership association.
Members:
1,600+ organizations representing 160,000 professionals
Address:
4922 Ohear Avenue
North Charleston, SC 29405
Phone:
(843) 577-2510
Website:
charlestonchamber.org
Greenville Chamber
5-Star Accredited
Largest business organization in Upstate South Carolina
with 5-Star accreditation from the U.S. Chamber of Commerce.
Members:
1,900+ investors
Address:
550 South Main Street, Suite 550
Greenville, SC 29601
Phone:
(864) 242-1050
Toll Free:
(866) 485-5262
Website:
greenvillechamber.org
Columbia Chamber
Capital City
Serving the Midlands region
and South Carolina's capital city business community.
Contact:
(803) 733-1110
Address:
1225 Lady Street
Columbia, SC 29201
Programs:
Small Business Council
Leadership Columbia
Business networking events
Website:
columbiachamber.com
Regional Chambers of Commerce
Lowcountry Region Chambers
Counties: Beaufort, Charleston, Colleton, Dorchester, Hampton, Jasper, Allendale, Bamberg, Orangeburg, Calhoun, Berkeley
Beaufort Regional Chamber of Commerce
1106 Carteret Street, Beaufort, SC 29902
Est. 1892 | 2022 CACCE Outstanding Chamber (under 700 members)
beaufortchamber.org
Hilton Head Island-Bluffton Chamber
1 Chamber of Commerce Drive, Hilton Head Island, SC 29928
hiltonheadchamber.org
Greater Bluffton Chamber of Commerce
29 Plantation Park, Suite 703, Bluffton, SC
Founded 2012 | Serving Greater Bluffton and Okatie region
blufftonchamberofcommerce.org
Greater Summerville/Dorchester County Chamber
402 N Main Street, Summerville, SC 29483
greatersummerville.org
Berkeley Chamber of Commerce
Major force in economic prosperity of Berkeley County
berkeleysc.org
Georgetown County Chamber of Commerce
Est. 1917 - Region's longest serving business association
700+ business members
visitgeorge.com
Greater Cayce-West Columbia Chamber
441 Sunset Boulevard, West Columbia, SC 29169
cwcchamber.com
Upstate Region Chambers
Counties: Abbeville, Anderson, Cherokee, Greenville, Greenwood, Laurens, McCormick, Oconee, Pickens, Spartanburg, Union
OneSpartanburg Inc.
105 N Pine Street, Spartanburg, SC 29302
U.S. Chamber Member | 10,998+ business listings
onespartanburginc.com
Anderson Area Chamber of Commerce
432 N Main Street, Anderson, SC 29621
U.S. Chamber Accredited Member
andersonscchamber.com
Greenwood Chamber of Commerce
110 Phoenix Street, Greenwood, SC 29646
greenwoodscchamber.org
Cherokee County Chamber of Commerce
225 S Limestone Street, Gaffney, SC 29340
cherokeechamber.org
Clemson Area Chamber of Commerce
Serving Clemson and surrounding areas
Upcountry South Carolina region
Greater Easley Chamber of Commerce
Established 1935
Serving Easley and Pickens County
Fountain Inn Chamber of Commerce
Serving Fountain Inn community
Inman Chamber of Commerce
Serving Inman and surrounding areas
Midlands Region Chambers
Counties: Aiken, Barnwell, Chester, Edgefield, Fairfield, Kershaw, Lancaster, Lexington, Newberry, Richland, Saluda, York
Aiken Chamber of Commerce
P.O. Box 892, Aiken, SC 29802
U.S. Chamber Accredited Member
aikenchamber.net
York County Regional Chamber of Commerce
116 E Main Street, Rock Hill, SC 29730
Largest chamber in SC region - CACCE accredited
Serving Rock Hill, Fort Mill, Tega Cay, York
Nearly 900 member companies
Southern Palmetto Regional Chamber
218 Main Street, Barnwell, SC 29812
U.S. Chamber Member
southernpalmettochamber.org
Chester County Chamber of Commerce
Networking, business workshops, community credibility
Events: Ribbon Cuttings, Business After Hours, Lunch & Learns
chesterchamber.com
Pee Dee Region Chambers
Counties: Chesterfield, Clarendon, Darlington, Dillon, Florence, Georgetown, Horry, Lee, Marion, Marlboro, Sumter, Williamsburg
North Myrtle Beach Chamber
1521 Highway 17 S, North Myrtle Beach, SC 29582
13,831+ business listings
Conway Chamber of Commerce
Horry County Seat
Networking, education, business resources
conwayscchamber.com
Little River Chamber of Commerce
440 Highway 90 E, Little River, SC 29566
U.S. Chamber Member
Florence Chamber of Commerce
Serving Florence and surrounding Pee Dee region
Multi-County Regional Economic Development
Tri-County Regional Chamber of Commerce
Serving:
Berkeley, Dorchester, and Orangeburg counties
Regional economic development and business support across three-county area
Central SC Alliance
Serving:
Calhoun, Clarendon, Fairfield, Kershaw, Lexington, McCormick, Newberry, Orangeburg, Richland counties
Multi-county economic development alliance
SC I-77 Alliance
Serving:
Chester, Fairfield, Richland, York counties
Nonprofit economic development organization along I-77 corridor attracting investment and high-quality jobs
Appalachian Development Corporation
Serving:
Anderson, Cherokee, Greenville, Oconee, Pickens, Spartanburg counties
Regional economic development for Upstate mountain counties
Specialty Chambers of Commerce
SC Small Business Chamber of Commerce
Focus:
Advocating exclusively for small businesses since 2000
Services:
Small business advocacy, resources, policy support
Website:
scsbc.org
Upstate SC LGBT+ Chamber of Commerce
Serving:
Abbeville, Anderson, Cherokee, Greenville, Greenwood, Laurens, Oconee, Pickens, Spartanburg, Union counties
Focus:
Empowering local queer business entrepreneurs and allied partners
Fostering equity, inclusion, and economic prosperity for LGBTQ community
Beaufort County Black Chamber of Commerce
Founded:
1999
Focus:
Multi-cultural business owners and professionals in Beaufort and neighboring communities
Growth:
From $5,000 startup to multi-million-dollar organization
Website:
bcbcc.org
SC Hispanic Chamber of Commerce
Based in:
Greenville area
Focus:
Supporting Hispanic-owned businesses across South Carolina
Phone:
(864) 643-xxxx (Greenville office)
Small Business Resources in South Carolina
U.S. Small Business Administration (SBA)
South Carolina District Office
services the entire state with offices in Columbia, Charleston, and Spartanburg.
Services:
Startup guidance and business planning
SBA 7(a) loans, 504 loans, microloans
Disaster assistance and grants
Veterans and military family support
Government contracting assistance
Website:
sba.gov/district/south-carolina
SC Small Business Development Centers (SBDC)
For over 40 years, SC SBDC has helped entrepreneurs start and grow businesses through
free consulting
and low-cost seminars.
Impact:
16,380+ SC entrepreneurs served
13,330+ jobs created/retained
1,000+ new ventures launched
$434M in capital formation
$109M+ in government contracts secured
Services:
Free consulting, low-cost seminars, private consultant connections, 20 area centers statewide
Website:
scsbdc.com
SC Department of Commerce
Mission: Help grow new and existing businesses in South Carolina.
Resources:
Business development consulting
Tax incentives and grants
Workforce training programs
Industrial site identification
Small business assistance programs
Website:
sccommerce.com
Small & Minority Business Resources
SC Division of Small and Minority Business Contracting (SMBCC)
certifies minority-owned businesses and connects them to state contracting opportunities.
Services:
Minority-owned business certification
Women-owned business certification
State contracting and procurement connections
Free training for skill development
Note:
Nearly 96.9% of all South Carolina businesses are small businesses
SCORE Business Mentoring
SCORE provides free business mentoring and advice supported by the SBA, with over 50 years of experience and 10,000 volunteers nationwide.
SC SCORE Chapters:
Midlands, Greater Aiken, Piedmont, Charleston, Grand Strand, SC Low Country
Economic Development Organizations
SC Economic Developers Association (SCEDA)
Mission:
Voice of Economic Development in the Palmetto State
Members:
Local/regional developers, government officials, utility companies, financial institutions, consultants, higher education
sceda.org
SC Association for Community Economic Development (SCACED)
Focus:
Healthy and economically sustainable communities throughout South Carolina
Mission:
Address economic disparities, inclusive growth, empower rural and marginalized communities
scaced.org
Greenville Area Development Corp (GADC)
Founded:
2001 by Greenville County Council
Services:
Business development, economic development assistance for new and expanding businesses
greenvilleeconomicdevelopment.com
SC Power Team
Represents:
19 electric cooperatives powering 1.6M+ South Carolinians
Focus:
New capital investment, job creation, electric load in cooperative territory
scpowerteam.com
Columbia Economic Development (CED)
Mission:
Catalyst for businesses, developers, investors focused on growing local economy
choosecolumbiasc.com
Darlington County Economic Development
Partnership:
Public-private economic development initiative
Serving Pee Dee region
Chamber Membership Benefits
Chamber of commerce membership provides valuable resources for businesses of all sizes across South Carolina:
Networking Opportunities
Business After Hours
- Monthly evening networking events at member businesses
Coffee with the Chamber
- Quarterly morning coffee events with structured speed networking (North Charleston)
Lunch & Learns
- Monthly educational sessions with subject matter experts (first Tuesday)
Mixers
- Third Tuesday networking at distilleries, breweries, member businesses
Annual Summit
- Premier members-only event for SC business leaders (SC Chamber)
Regional conferences
- Industry-specific networking across the state
Business Development Resources
Free ribbon cuttings
- Celebrate grand openings and new locations
Business workshops
- HR topics, legal compliance, marketing strategies
HR Café
- Human resources roundtables and support (Chester County)
Small business focus groups
- Peer learning and problem-solving
Business referrals
- Member-to-member referral network
Marketing visibility
- Member directories, website listings, social media promotion
Advocacy & Policy Support
Legislative advocacy
- Representation at state and local government
Annual Competitiveness Agenda
- Policy priorities for SC business (SC Chamber)
Vision 2030 Blueprint
- Strategic planning for business growth challenges
Regulatory guidance
- Navigate business regulations and compliance
Government relations
- Direct access to elected officials and policymakers
Community Credibility & Growth
Enhanced credibility
- Chamber membership badge signals established business
Community engagement
- Connect with local leaders and civic organizations
Educational programs
- Access to training, certifications, skill development
Economic data
- Regional business statistics and market research
Partnership opportunities
- Collaborate with other businesses on projects
Member Testimonial
""The networking opportunities have allowed me to build meaningful connections with other business owners, and the resources and support provided by the chamber have been instrumental in helping me grow my business.""
- SC Chamber Member
Frequently Asked Questions
How many chambers of commerce are there in South Carolina?
There are
79+ chambers of commerce
listed throughout South Carolina, serving all 46 counties. This includes the statewide South Carolina Chamber of Commerce headquartered in Columbia, major metro chambers in Charleston, Greenville, and Columbia, regional chambers covering multiple counties, and local community chambers in cities and towns across the state.
The diversity of chambers ensures businesses in every region - from the Lowcountry to the Upstate, Midlands to Pee Dee - have access to local business networking, advocacy, and economic development resources tailored to their specific community needs.
What is the oldest chamber of commerce in the United States?
The
Charleston Metro Chamber of Commerce
, established in 1773, is the
first municipal chamber of commerce in the United States
and the longest continually operating business membership association in the nation.
With nearly 250 years of history, the Charleston chamber has been supporting business growth and economic development since before American independence. Today, it represents over 1,600 member organizations and 160,000 professionals across the Charleston metro region, maintaining its leadership role in South Carolina's Lowcountry economy.
This historic legacy makes Charleston's chamber not just a South Carolina treasure, but an important institution in American business history.
What are the benefits of joining a South Carolina chamber of commerce?
Chamber membership provides extensive business benefits:
Networking opportunities
- Connect with fellow business owners through Business After Hours, Coffee with the Chamber, Lunch & Learns, and monthly mixers
Business referrals
- Access member directories and referral networks to grow your customer base
Marketing visibility
- Gain exposure through chamber websites, member directories, social media, and promotional campaigns
Educational programs
- Attend workshops on HR topics, legal compliance, marketing strategies, and business development
Legislative advocacy
- Chambers represent business interests at state and local government levels
Community credibility
- Chamber membership signals you're an established, trusted business
Free ribbon cuttings
- Most chambers provide complimentary ribbon cutting ceremonies for grand openings
Cost savings
- Many chambers offer member discounts on insurance, shipping, office supplies, and services
Membership costs vary by chamber size and location, typically ranging from $200-$1,000+ annually depending on business size and membership tier.
Which chamber of commerce should I join in South Carolina?
Choose your chamber based on your business location, size, and goals:
Local chambers
- Join the chamber in your city or county for maximum local networking and community visibility (e.g., Rock Hill, Beaufort, Conway)
Metro chambers
- If located in major metros, consider Charleston Metro, Greenville, or Columbia chambers for extensive networking with larger organizations
Regional chambers
- Multi-county businesses may benefit from regional chambers covering wider geographic areas
SC Chamber of Commerce
- The statewide chamber offers broader legislative advocacy and connections across all South Carolina regions
Specialty chambers
- Consider SC Small Business Chamber (small business focus), Upstate LGBT+ Chamber (LGBTQ businesses), or Beaufort County Black Chamber (multicultural businesses) for specialized support
Many businesses join
multiple chambers
- typically a local chamber for community presence plus the statewide SC Chamber for legislative advocacy. Evaluate each chamber's membership benefits, event calendar, and networking opportunities to determine the best fit.
Visit chamber websites, attend a few networking events as a guest, and talk to current members before committing to membership.
Where can I find free small business resources in South Carolina?
South Carolina offers extensive free resources for small businesses:
SC Small Business Development Centers (SBDC)
- Free one-on-one consulting, business planning assistance, and low-cost seminars at 20 locations statewide (scsbdc.com)
SCORE Mentoring
- Free business mentoring from experienced executives through six SC chapters: Midlands, Greater Aiken, Piedmont, Charleston, Grand Strand, SC Low Country
U.S. Small Business Administration (SBA)
- Free guidance on startup planning, financing, government contracting at offices in Columbia, Charleston, Spartanburg (sba.gov/district/south-carolina)
SC Department of Commerce
- Free business development consulting, site selection assistance, tax incentive guidance (sccommerce.com)
SC Division of Small and Minority Business
- Free certification for minority/women-owned businesses and state contracting connections
Local chamber programs
- Many chambers offer free workshops, HR roundtables, and networking events to members
SC State Library Small Business Reference Center
- Free online business research tools and demographic data
The SC SBDC has helped create/retain over 13,330 jobs, facilitated $434 million in capital formation, and secured $109 million in government contracts for South Carolina entrepreneurs - all through free consulting services.
What are the four main regions of South Carolina?
South Carolina is commonly divided into four distinct regions, each with unique economic characteristics and chamber resources:
Lowcountry
- 11 coastal counties (Beaufort, Charleston, Colleton, Dorchester, Hampton, Jasper, Allendale, Bamberg, Orangeburg, Calhoun, Berkeley). Known for tourism, port commerce, and historic preservation. Major chambers: Charleston Metro, Beaufort Regional, Hilton Head Island-Bluffton.
Upstate (Piedmont)
- 11 counties in northwest (Abbeville, Anderson, Cherokee, Greenville, Greenwood, Laurens, McCormick, Oconee, Pickens, Spartanburg, Union). Industrial hub with automotive and advanced manufacturing. Major chambers: Greenville, OneSpartanburg, Anderson Area.
Midlands
- 12 central counties (Aiken, Barnwell, Chester, Edgefield, Fairfield, Kershaw, Lancaster, Lexington, Newberry, Richland, Saluda, York). State capital region focused on government, healthcare, education. Major chambers: Columbia, York County Regional, Aiken.
Pee Dee
- 12 northeastern counties (Chesterfield, Clarendon, Darlington, Dillon, Florence, Georgetown, Horry, Lee, Marion, Marlboro, Sumter, Williamsburg). Agricultural and coastal tourism region. Major chambers: North Myrtle Beach, Conway, Georgetown County.
Each region has specialized chambers addressing local business needs, from manufacturing support in the Upstate to tourism development in the Lowcountry and Pee Dee coastal areas.
How can I get SBA loans for my South Carolina business?
The Small Business Administration offers three main loan programs for South Carolina businesses:
SBA 7(a) Loans
- Most common SBA loan up to $5 million for working capital, equipment, real estate, business acquisition. Used for general business purposes with flexible terms.
SBA 504 Loans
- Long-term fixed-rate financing up to $5.5 million for major assets like real estate and equipment. Ideal for purchasing commercial property or expensive machinery.
Microloans
- Smaller loans up to $50,000 for startups and newer businesses. Good for inventory, supplies, furniture, equipment when you don't need large capital.
Application process:
Contact the SBA South Carolina District Office in Columbia, Charleston, or Spartanburg for initial guidance
Get free counseling from SC SBDC to prepare your business plan and financial projections
Find an SBA-approved lender (most major banks participate in SBA programs)
Submit loan application with business plan, financial statements, tax returns, personal credit information
SBA reviews and guarantees portion of the loan (typically 75-85%), reducing lender risk
Visit
sba.gov/district/south-carolina
to find approved lenders, view current loan programs, and schedule free counseling. The SC SBDC has helped secure over $434 million in financing for South Carolina entrepreneurs.
What is the SC Chamber's Competitiveness Agenda?
The
Annual Competitiveness Agenda
is the South Carolina Chamber of Commerce's strategic policy platform identifying priority issues for the state's business community.
Purpose and Process:
Gathers feedback from local chambers of commerce across all regions of South Carolina
Identifies specific legislative and regulatory issues important to businesses and communities
Establishes policy priorities for chamber advocacy at state government level
Guides the SC Chamber's legislative monitoring and lobbying efforts throughout the year
Typical focus areas include:
Workforce development and education policy
Tax and regulatory reform
Infrastructure investment (roads, broadband, ports)
Healthcare policy and costs
Economic development incentives
Business climate improvements
The SC Chamber also developed the
Vision 2030 Blueprint
to guide South Carolina's business community through growth challenges as the state experiences rapid business development and population increases.
Both initiatives demonstrate how the chamber translates member concerns into actionable policy advocacy, giving businesses collective influence on state-level decisions affecting economic prosperity.
How do I certify my business as minority-owned or women-owned in South Carolina?
The
South Carolina Division of Small and Minority Business Contracting and Certification (SMBCC)
is the official state agency that certifies minority-owned and women-owned businesses.
Certification Benefits:
Access to state contracting and procurement opportunities through the Material Management Office
Inclusion in searchable database for agencies seeking certified vendors
Free training programs to expand skills and grow your business
Networking opportunities with government purchasers
Competitive advantage when bidding on state contracts
Eligibility Requirements:
Business must be at least 51% owned by minority individuals or women
Business must be independently operated (not controlled by non-minority or male owners)
Owner must be actively involved in day-to-day management
Must be a for-profit business operating in South Carolina
How to Apply:
Visit the SC Commission for Minority Affairs website for certification application
Complete application with ownership documentation, financial statements, tax returns
Submit proof of minority status or gender (as applicable)
SMBCC reviews application and may request additional documentation
Attend free training workshops offered by the Commission
Nearly 96.9% of South Carolina businesses are small businesses, and certification can provide significant competitive advantages in government contracting worth billions annually.
What is the difference between the SC Chamber and local chambers of commerce?
The
South Carolina Chamber of Commerce
(statewide chamber) and
local chambers
serve different but complementary roles:
SC Chamber of Commerce (Statewide):
Legislative focus
- Monitors state legislation, advocates for business-friendly policies at state government level
Statewide networking
- Connects businesses across all regions through Annual Summit and regional conferences
Policy development
- Creates Competitiveness Agenda and Vision 2030 Blueprint for state business growth
Big picture advocacy
- Represents collective voice of businesses from Lowcountry to Upstate
Membership
- Typically larger corporations, though open to businesses of all sizes
Local/Regional Chambers (City/County Level):
Community networking
- Business After Hours, ribbon cuttings, local mixers with nearby business owners
Local advocacy
- Represent business interests to city councils, county commissions, local agencies
Referral generation
- Member directories connecting local customers to local businesses
Community events
- Golf tournaments, annual banquets, fundraisers supporting local causes
Practical support
- Workshops on HR, marketing, permitting specific to local business needs
Best Practice:
Many businesses join both - a local chamber for community presence and customer referrals, plus the SC Chamber for legislative advocacy and statewide connections. This dual membership provides comprehensive support at both local and state levels.
Local chambers often work collaboratively with the SC Chamber, providing grassroots feedback for the Competitiveness Agenda while implementing statewide initiatives in their communities.
Last updated on November 27, 2025
© 1997-2026 Official
USA.com
About
Do Not Sell My Personal Information
Terms
Privacy
Cookie Policy
US Persons Directory:
A
B
C
D
E
F
G
H
I
J
K
L
M
N
O
P
Q
R
S
T
U
V
W
X
Y
Z
Recent Searches
:
03/13
03/12
03/11
03/10
03/09
03/08",
